Workbook

Sheet Data
A1: Date | B1: Week | C1: Calories Intake | D1: Calories Burnt | E1: Net Calories | F1: Protein (g) | G1: Carbs (g) | H1: Fats (g) | I1: Fiber (g) | J1: Fiber Rating | K1: Steps | L1: Sleep (hrs) | M1: Energy | N1: Digestion | O1: Workout | P1: Notes | S1: Start→
A2: 46183 | B2: =IF(A2="","",INT((A2-$S$2)/7)+1) -> 1 | C2: 1350 | D2: 120 | E2: 1230 | F2: 45 | G2: 185 | H2: 35 | I2: 18 | J2: Moderate | K2: 3500 | L2: 6 | M2: Okay | N2: Good | O2: N | P2: Broad beans, Greek yogurt, Paneer dinner improved protein quality. | S2: 46183
A3: 46184 | B3: =IF(A3="","",INT((A3-$S$2)/7)+1) -> 1 | C3: 1350 | D3: 150 | E3: 1200 | F3: 38 | G3: 215 | H3: 28 | I3: 18 | J3: Moderate | K3: 4300 | L3: 5 | M3: Dip | N3: Good | O3: N | P3: Ladies finger, vegetables, yogurt. Low protein overall.
A4: 46185 | B4: =IF(A4="","",INT((A4-$S$2)/7)+1) -> 1 | C4: 1300 | D4: 105 | E4: 1195 | F4: 42 | G4: 195 | H4: 25 | I4: 24 | J4: Good | K4: 3024 | L4: 7 | M4: Good | N4: Good | O4: N | P4: Chukkakura, boiled chana, vegetables, yogurt.
A5: 46186 | B5: =IF(A5="","",INT((A5-$S$2)/7)+1) -> 1 | C5: 1550 | D5: 105 | E5: 1445 | F5: 35 | G5: 235 | H5: 45 | I5: 15 | J5: Low | K5: 3000 | L5: 8 | M5: Good | N5: Good | O5: N | P5: Limited vegetables and protein sources.
A6: 46187 | B6: =IF(A6="","",INT((A6-$S$2)/7)+1) -> 1 | C6: 1450 | D6: 145 | E6: 1305 | F6: 48 | G6: 185 | H6: 50 | I6: 18 | J6: Moderate | K6: 4105 | L6: 5 | M6: Good | N6: Good | O6: N | P6: Bhendi, sambar, yogurt. Paneer dinner.
A7: 46188 | B7: =IF(A7="","",INT((A7-$S$2)/7)+1) -> 1 | C7: 1300 | D7: 160 | E7: 1140 | F7: 42 | G7: 185 | H7: 28 | I7: 24 | J7: Good | K7: 4500 | L7: 5.5 | M7: Good | N7: Good | O7: N | P7: Oats dosa, rajma, spinach pappu, pumpkin seeds.
A8: 46189 | B8: =IF(A8="","",INT((A8-$S$2)/7)+1) -> 1 | C8: 1250 | D8: 140 | E8: 1110 | F8: 35 | G8: 180 | H8: 30 | I8: 22 | J8: Good | K8: 4000 | L8: 5 | M8: Good | N8: Good | O8: N | P8: Apple, chana chaat, pesara kattu, pumpkin seeds.
A9: 46190 | B9: =IF(A9="","",INT((A9-$S$2)/7)+1) -> 2 | C9: 1350 | D9: 145 | E9: 1205 | F9: 40 | G9: 210 | H9: 25 | I9: 22 | J9: Good | K9: 4000 | L9: 6 | M9: Good | N9: Good | O9: N | P9: Black chana, ragi, besan chilla, yogurt.
A10: 46191 | B10: =IF(A10="","",INT((A10-$S$2)/7)+1) -> 2 | C10: 1200 | D10: 165 | E10: 1035 | F10: 30 | G10: 175 | H10: 28 | I10: 16 | J10: Moderate | K10: 4598 | L10: 6 | M10: Good | N10: Good | O10: N | P10: Besan chilla, vegetable rice, pumpkin seeds.
A11: 46192 | B11: =IF(A11="","",INT((A11-$S$2)/7)+1) -> 2 | C11: 1050 | D11: 110 | E11: 940 | F11: 22 | G11: 165 | H11: 18 | I11: 12 | J11: Low | K11: 3037 | L11: 5 | M11: Good | N11: Good | O11: N | P11: Limited protein and vegetables.
A12: 46193 | B12: =IF(A12="","",INT((A12-$S$2)/7)+1) -> 2 | C12: 1200 | D12: 110 | E12: 1090 | F12: 32 | G12: 175 | H12: 25 | I12: 18 | J12: Moderate | K12: 3037 | L12: 5 | M12: Good | N12: Good | O12: N | P12: Greek yogurt, broad beans, lentil rasam.
A13: 46194 | B13: =IF(A13="","",INT((A13-$S$2)/7)+1) -> 2 | C13: 1250 | D13: 175 | E13: 1075 | F13: 35 | G13: 180 | H13: 28 | I13: 22 | J13: Good | K13: 4800 | L13: 6 | M13: Good | N13: Good | O13: N | P13: Totakura, yogurt.
A14: 46195 | B14: =IF(A14="","",INT((A14-$S$2)/7)+1) -> 2 | C14: 1350 | D14: 145 | E14: 1205 | F14: 42 | G14: 190 | H14: 30 | I14: 24 | J14: Good | K14: 4000 | L14: 5 | M14: Good | N14: Good | O14: N | P14: Oats dosa, dal, pomegranate, yogurt.
... A20: 46201 | B20: =IF(A20="","",INT((A20-$S$2)/7)+1) -> 3 | C20: 1450 | D20: 190 | E20: 1260 | F20: 62 | G20: 165 | H20: 42 | I20: 27 | J20: Excellent | K20: 5209 | L20: 5 | M20: Good | N20: Good | O20: N | P20: Sattu with buttermilk, edamame beans, palak paneer, cabbage, carrot, brinjal and sambar provided excellent fiber, plant protein and micronutrients (iron, folate, calcium). This was one of the strongest nutrition days despite moderate sleep.
B21: =IF(A21="","",INT((A21-$S$2)/7)+1)
B22: =IF(A22="","",INT((A22-$S$2)/7)+1)
B23: =IF(A23="","",INT((A23-$S$2)/7)+1)
B24: =IF(A24="","",INT((A24-$S$2)/7)+1)
B25: =IF(A25="","",INT((A25-$S$2)/7)+1)
B26: =IF(A26="","",INT((A26-$S$2)/7)+1)
B27: =IF(A27="","",INT((A27-$S$2)/7)+1)
B28: =IF(A28="","",INT((A28-$S$2)/7)+1)
B29: =IF(A29="","",INT((A29-$S$2)/7)+1)
B30: =IF(A30="","",INT((A30-$S$2)/7)+1)
B31: =IF(A31="","",INT((A31-$S$2)/7)+1)
B32: =IF(A32="","",INT((A32-$S$2)/7)+1)
... B500: =IF(A500="","",INT((A500-$S$2)/7)+1)

Sheet Calc
A2: 1 | B2: =IFERROR(TEXT(_xlfn.MINIFS(Data!$A$2:$A$500,Data!$B$2:$B$500,1),"d mmm"),"") -> 10 Jun | C2: =IFERROR(TEXT(_xlfn.MAXIFS(Data!$A$2:$A$500,Data!$B$2:$B$500,1),"d mmm"),"") -> 16 Jun | D2: =COUNTIFS(Data!$B$2:$B$500,1) -> 7 | E2: =IFERROR(AVERAGEIFS(Data!$L$2:$L$500,Data!$B$2:$B$500,1),"–") -> 5.9285714 | F2: =IFERROR(_xlfn.MAXIFS(Data!$L$2:$L$500,Data!$B$2:$B$500,1),"") -> 8 | G2: =IFERROR(TEXT(INDEX(Data!$A$2:$A$500,MATCH(_xlfn.MAXIFS(Data!$L$2:$L$500,Data!$B$2:$B$500,1),Data!$L$2:$L$500,0)),"d-mmm"),"") -> 13-Jun | H2: =IFERROR(_xlfn.MINIFS(Data!$L$2:$L$500,Data!$B$2:$B$500,1),"") -> 5 | I2: =IFERROR(TEXT(INDEX(Data!$A$2:$A$500,MATCH(_xlfn.MINIFS(Data!$L$2:$L$500,Data!$B$2:$B$500,1),Data!$L$2:$L$500,0)),"d-mmm"),"") -> 11-Jun | J2: =COUNTIFS(Data!$L$2:$L$500,">=5.5",Data!$B$2:$B$500,1) -> 4 | K2: =COUNTIFS(Data!$B$2:$B$500,1) -> 7 | L2: =IFERROR(AVERAGEIFS(Data!$C$2:$C$500,Data!$B$2:$B$500,1),"–") -> 1364.2857 | M2: =IFERROR(AVERAGEIFS(Data!$F$2:$F$500,Data!$B$2:$B$500,1),"–") -> 40.714286 | N2: =IFERROR(AVERAGEIFS(Data!$G$2:$G$500,Data!$B$2:$B$500,1),"–") -> 197.14286 | O2: =IFERROR(AVERAGEIFS(Data!$H$2:$H$500,Data!$B$2:$B$500,1),"–") -> 34.428571 | P2: =IFERROR(AVERAGEIFS(Data!$I$2:$I$500,Data!$B$2:$B$500,1),"–") -> 19.857143 | Q2: =IFERROR(AVERAGEIFS(Data!$K$2:$K$500,Data!$B$2:$B$500,1),"–") -> 3775.5714 | R2: =IFERROR(_xlfn.MAXIFS(Data!$K$2:$K$500,Data!$B$2:$B$500,1),"") -> 4500 | S2: =IFERROR(TEXT(INDEX(Data!$A$2:$A$500,MATCH(_xlfn.MAXIFS(Data!$K$2:$K$500,Data!$B$2:$B$500,1),Data!$K$2:$K$500,0)),"d-mmm"),"") -> 15-Jun | T2: =IFERROR(_xlfn.MINIFS(Data!$K$2:$K$500,Data!$B$2:$B$500,1),"") -> 3000 | U2: =IFERROR(TEXT(INDEX(Data!$A$2:$A$500,MATCH(_xlfn.MINIFS(Data!$K$2:$K$500,Data!$B$2:$B$500,1),Data!$K$2:$K$500,0)),"d-mmm"),"") -> 13-Jun | V2: =COUNTIFS(Data!$K$2:$K$500,">=7000",Data!$B$2:$B$500,1) -> 0 | W2: =COUNTIFS(Data!$B$2:$B$500,1) -> 7 | X2: =COUNTIFS(Data!$O$2:$O$500,"Y",Data!$B$2:$B$500,1) -> 0
A3: 2 | B3: =IFERROR(TEXT(_xlfn.MINIFS(Data!$A$2:$A$500,Data!$B$2:$B$500,2),"d mmm"),"") -> 17 Jun | C3: =IFERROR(TEXT(_xlfn.MAXIFS(Data!$A$2:$A$500,Data!$B$2:$B$500,2),"d mmm"),"") -> 23 Jun | D3: =COUNTIFS(Data!$B$2:$B$500,2) -> 7 | E3: =IFERROR(AVERAGEIFS(Data!$L$2:$L$500,Data!$B$2:$B$500,2),"–") -> 5.4285714 | F3: =IFERROR(_xlfn.MAXIFS(Data!$L$2:$L$500,Data!$B$2:$B$500,2),"") -> 6 | G3: =IFERROR(TEXT(INDEX(Data!$A$2:$A$500,MATCH(_xlfn.MAXIFS(Data!$L$2:$L$500,Data!$B$2:$B$500,2),Data!$L$2:$L$500,0)),"d-mmm"),"") -> 10-Jun | H3: =IFERROR(_xlfn.MINIFS(Data!$L$2:$L$500,Data!$B$2:$B$500,2),"") -> 5 | I3: =IFERROR(TEXT(INDEX(Data!$A$2:$A$500,MATCH(_xlfn.MINIFS(Data!$L$2:$L$500,Data!$B$2:$B$500,2),Data!$L$2:$L$500,0)),"d-mmm"),"") -> 11-Jun | J3: =COUNTIFS(Data!$L$2:$L$500,">=5.5",Data!$B$2:$B$500,2) -> 3 | K3: =COUNTIFS(Data!$B$2:$B$500,2) -> 7 | L3: =IFERROR(AVERAGEIFS(Data!$C$2:$C$500,Data!$B$2:$B$500,2),"–") -> 1250 | M3: =IFERROR(AVERAGEIFS(Data!$F$2:$F$500,Data!$B$2:$B$500,2),"–") -> 34.142857 | N3: =IFERROR(AVERAGEIFS(Data!$G$2:$G$500,Data!$B$2:$B$500,2),"–") -> 184.28571 | O3: =IFERROR(AVERAGEIFS(Data!$H$2:$H$500,Data!$B$2:$B$500,2),"–") -> 26 | P3: =IFERROR(AVERAGEIFS(Data!$I$2:$I$500,Data!$B$2:$B$500,2),"–") -> 19.428571 | Q3: =IFERROR(AVERAGEIFS(Data!$K$2:$K$500,Data!$B$2:$B$500,2),"–") -> 4347 | R3: =IFERROR(_xlfn.MAXIFS(Data!$K$2:$K$500,Data!$B$2:$B$500,2),"") -> 6957 | S3: =IFERROR(TEXT(INDEX(Data!$A$2:$A$500,MATCH(_xlfn.MAXIFS(Data!$K$2:$K$500,Data!$B$2:$B$500,2),Data!$K$2:$K$500,0)),"d-mmm"),"") -> 23-Jun | T3: =IFERROR(_xlfn.MINIFS(Data!$K$2:$K$500,Data!$B$2:$B$500,2),"") -> 3037 | U3: =IFERROR(TEXT(INDEX(Data!$A$2:$A$500,MATCH(_xlfn.MINIFS(Data!$K$2:$K$500,Data!$B$2:$B$500,2),Data!$K$2:$K$500,0)),"d-mmm"),"") -> 19-Jun | V3: =COUNTIFS(Data!$K$2:$K$500,">=7000",Data!$B$2:$B$500,2) -> 0 | W3: =COUNTIFS(Data!$B$2:$B$500,2) -> 7 | X3: =COUNTIFS(Data!$O$2:$O$500,"Y",Data!$B$2:$B$500,2) -> 0
A4: 3 | B4: =IFERROR(TEXT(_xlfn.MINIFS(Data!$A$2:$A$500,Data!$B$2:$B$500,3),"d mmm"),"") -> 24 Jun | C4: =IFERROR(TEXT(_xlfn.MAXIFS(Data!$A$2:$A$500,Data!$B$2:$B$500,3),"d mmm"),"") -> 28 Jun | D4: =COUNTIFS(Data!$B$2:$B$500,3) -> 5 | E4: =IFERROR(AVERAGEIFS(Data!$L$2:$L$500,Data!$B$2:$B$500,3),"–") -> 5.6 | F4: =IFERROR(_xlfn.MAXIFS(Data!$L$2:$L$500,Data!$B$2:$B$500,3),"") -> 7 | G4: =IFERROR(TEXT(INDEX(Data!$A$2:$A$500,MATCH(_xlfn.MAXIFS(Data!$L$2:$L$500,Data!$B$2:$B$500,3),Data!$L$2:$L$500,0)),"d-mmm"),"") -> 12-Jun | H4: =IFERROR(_xlfn.MINIFS(Data!$L$2:$L$500,Data!$B$2:$B$500,3),"") -> 5 | I4: =IFERROR(TEXT(INDEX(Data!$A$2:$A$500,MATCH(_xlfn.MINIFS(Data!$L$2:$L$500,Data!$B$2:$B$500,3),Data!$L$2:$L$500,0)),"d-mmm"),"") -> 11-Jun | J4: =COUNTIFS(Data!$L$2:$L$500,">=5.5",Data!$B$2:$B$500,3) -> 2 | K4: =COUNTIFS(Data!$B$2:$B$500,3) -> 5 | L4: =IFERROR(AVERAGEIFS(Data!$C$2:$C$500,Data!$B$2:$B$500,3),"–") -> 1430 | M4: =IFERROR(AVERAGEIFS(Data!$F$2:$F$500,Data!$B$2:$B$500,3),"–") -> 55 | N4: =IFERROR(AVERAGEIFS(Data!$G$2:$G$500,Data!$B$2:$B$500,3),"–") -> 174 | O4: =IFERROR(AVERAGEIFS(Data!$H$2:$H$500,Data!$B$2:$B$500,3),"–") -> 38.6 | P4: =IFERROR(AVERAGEIFS(Data!$I$2:$I$500,Data!$B$2:$B$500,3),"–") -> 23.2 | Q4: =IFERROR(AVERAGEIFS(Data!$K$2:$K$500,Data!$B$2:$B$500,3),"–") -> 6308.8 | R4: =IFERROR(_xlfn.MAXIFS(Data!$K$2:$K$500,Data!$B$2:$B$500,3),"") -> 10123 | S4: =IFERROR(TEXT(INDEX(Data!$A$2:$A$500,MATCH(_xlfn.MAXIFS(Data!$K$2:$K$500,Data!$B$2:$B$500,3),Data!$K$2:$K$500,0)),"d-mmm"),"") -> 25-Jun | T4: =IFERROR(_xlfn.MINIFS(Data!$K$2:$K$500,Data!$B$2:$B$500,3),"") -> 3256 | U4: =IFERROR(TEXT(INDEX(Data!$A$2:$A$500,MATCH(_xlfn.MINIFS(Data!$K$2:$K$500,Data!$B$2:$B$500,3),Data!$K$2:$K$500,0)),"d-mmm"),"") -> 26-Jun | V4: =COUNTIFS(Data!$K$2:$K$500,">=7000",Data!$B$2:$B$500,3) -> 1 | W4: =COUNTIFS(Data!$B$2:$B$500,3) -> 5 | X4: =COUNTIFS(Data!$O$2:$O$500,"Y",Data!$B$2:$B$500,3) -> 0
A5: 4 | B5: =IFERROR(TEXT(_xlfn.MINIFS(Data!$A$2:$A$500,Data!$B$2:$B$500,4),"d mmm"),"") -> 30 Dec | C5: =IFERROR(TEXT(_xlfn.MAXIFS(Data!$A$2:$A$500,Data!$B$2:$B$500,4),"d mmm"),"") -> 30 Dec | D5: =COUNTIFS(Data!$B$2:$B$500,4) -> 0 | E5: =IFERROR(AVERAGEIFS(Data!$L$2:$L$500,Data!$B$2:$B$500,4),"–") -> – | F5: =IFERROR(_xlfn.MAXIFS(Data!$L$2:$L$500,Data!$B$2:$B$500,4),"") -> 0 | G5: =IFERROR(TEXT(INDEX(Data!$A$2:$A$500,MATCH(_xlfn.MAXIFS(Data!$L$2:$L$500,Data!$B$2:$B$500,4),Data!$L$2:$L$500,0)),"d-mmm"),"") | H5: =IFERROR(_xlfn.MINIFS(Data!$L$2:$L$500,Data!$B$2:$B$500,4),"") -> 0 | I5: =IFERROR(TEXT(INDEX(Data!$A$2:$A$500,MATCH(_xlfn.MINIFS(Data!$L$2:$L$500,Data!$B$2:$B$500,4),Data!$L$2:$L$500,0)),"d-mmm"),"") | J5: =COUNTIFS(Data!$L$2:$L$500,">=5.5",Data!$B$2:$B$500,4) -> 0 | K5: =COUNTIFS(Data!$B$2:$B$500,4) -> 0 | L5: =IFERROR(AVERAGEIFS(Data!$C$2:$C$500,Data!$B$2:$B$500,4),"–") -> – | M5: =IFERROR(AVERAGEIFS(Data!$F$2:$F$500,Data!$B$2:$B$500,4),"–") -> – | N5: =IFERROR(AVERAGEIFS(Data!$G$2:$G$500,Data!$B$2:$B$500,4),"–") -> – | O5: =IFERROR(AVERAGEIFS(Data!$H$2:$H$500,Data!$B$2:$B$500,4),"–") -> – | P5: =IFERROR(AVERAGEIFS(Data!$I$2:$I$500,Data!$B$2:$B$500,4),"–") -> – | Q5: =IFERROR(AVERAGEIFS(Data!$K$2:$K$500,Data!$B$2:$B$500,4),"–") -> – | R5: =IFERROR(_xlfn.MAXIFS(Data!$K$2:$K$500,Data!$B$2:$B$500,4),"") -> 0 | S5: =IFERROR(TEXT(INDEX(Data!$A$2:$A$500,MATCH(_xlfn.MAXIFS(Data!$K$2:$K$500,Data!$B$2:$B$500,4),Data!$K$2:$K$500,0)),"d-mmm"),"") | T5: =IFERROR(_xlfn.MINIFS(Data!$K$2:$K$500,Data!$B$2:$B$500,4),"") -> 0 | U5: =IFERROR(TEXT(INDEX(Data!$A$2:$A$500,MATCH(_xlfn.MINIFS(Data!$K$2:$K$500,Data!$B$2:$B$500,4),Data!$K$2:$K$500,0)),"d-mmm"),"") | V5: =COUNTIFS(Data!$K$2:$K$500,">=7000",Data!$B$2:$B$500,4) -> 0 | W5: =COUNTIFS(Data!$B$2:$B$500,4) -> 0 | X5: =COUNTIFS(Data!$O$2:$O$500,"Y",Data!$B$2:$B$500,4) -> 0
A6: 5 | B6: =IFERROR(TEXT(_xlfn.MINIFS(Data!$A$2:$A$500,Data!$B$2:$B$500,5),"d mmm"),"") -> 30 Dec | C6: =IFERROR(TEXT(_xlfn.MAXIFS(Data!$A$2:$A$500,Data!$B$2:$B$500,5),"d mmm"),"") -> 30 Dec | D6: =COUNTIFS(Data!$B$2:$B$500,5) -> 0 | E6: =IFERROR(AVERAGEIFS(Data!$L$2:$L$500,Data!$B$2:$B$500,5),"–") -> – | F6: =IFERROR(_xlfn.MAXIFS(Data!$L$2:$L$500,Data!$B$2:$B$500,5),"") -> 0 | G6: =IFERROR(TEXT(INDEX(Data!$A$2:$A$500,MATCH(_xlfn.MAXIFS(Data!$L$2:$L$500,Data!$B$2:$B$500,5),Data!$L$2:$L$500,0)),"d-mmm"),"") | H6: =IFERROR(_xlfn.MINIFS(Data!$L$2:$L$500,Data!$B$2:$B$500,5),"") -> 0 | I6: =IFERROR(TEXT(INDEX(Data!$A$2:$A$500,MATCH(_xlfn.MINIFS(Data!$L$2:$L$500,Data!$B$2:$B$500,5),Data!$L$2:$L$500,0)),"d-mmm"),"") | J6: =COUNTIFS(Data!$L$2:$L$500,">=5.5",Data!$B$2:$B$500,5) -> 0 | K6: =COUNTIFS(Data!$B$2:$B$500,5) -> 0 | L6: =IFERROR(AVERAGEIFS(Data!$C$2:$C$500,Data!$B$2:$B$500,5),"–") -> – | M6: =IFERROR(AVERAGEIFS(Data!$F$2:$F$500,Data!$B$2:$B$500,5),"–") -> – | N6: =IFERROR(AVERAGEIFS(Data!$G$2:$G$500,Data!$B$2:$B$500,5),"–") -> – | O6: =IFERROR(AVERAGEIFS(Data!$H$2:$H$500,Data!$B$2:$B$500,5),"–") -> – | P6: =IFERROR(AVERAGEIFS(Data!$I$2:$I$500,Data!$B$2:$B$500,5),"–") -> – | Q6: =IFERROR(AVERAGEIFS(Data!$K$2:$K$500,Data!$B$2:$B$500,5),"–") -> – | R6: =IFERROR(_xlfn.MAXIFS(Data!$K$2:$K$500,Data!$B$2:$B$500,5),"") -> 0 | S6: =IFERROR(TEXT(INDEX(Data!$A$2:$A$500,MATCH(_xlfn.MAXIFS(Data!$K$2:$K$500,Data!$B$2:$B$500,5),Data!$K$2:$K$500,0)),"d-mmm"),"") | T6: =IFERROR(_xlfn.MINIFS(Data!$K$2:$K$500,Data!$B$2:$B$500,5),"") -> 0 | U6: =IFERROR(TEXT(INDEX(Data!$A$2:$A$500,MATCH(_xlfn.MINIFS(Data!$K$2:$K$500,Data!$B$2:$B$500,5),Data!$K$2:$K$500,0)),"d-mmm"),"") | V6: =COUNTIFS(Data!$K$2:$K$500,">=7000",Data!$B$2:$B$500,5) -> 0 | W6: =COUNTIFS(Data!$B$2:$B$500,5) -> 0 | X6: =COUNTIFS(Data!$O$2:$O$500,"Y",Data!$B$2:$B$500,5) -> 0
A7: 6 | B7: =IFERROR(TEXT(_xlfn.MINIFS(Data!$A$2:$A$500,Data!$B$2:$B$500,6),"d mmm"),"") -> 30 Dec | C7: =IFERROR(TEXT(_xlfn.MAXIFS(Data!$A$2:$A$500,Data!$B$2:$B$500,6),"d mmm"),"") -> 30 Dec | D7: =COUNTIFS(Data!$B$2:$B$500,6) -> 0 | E7: =IFERROR(AVERAGEIFS(Data!$L$2:$L$500,Data!$B$2:$B$500,6),"–") -> – | F7: =IFERROR(_xlfn.MAXIFS(Data!$L$2:$L$500,Data!$B$2:$B$500,6),"") -> 0 | G7: =IFERROR(TEXT(INDEX(Data!$A$2:$A$500,MATCH(_xlfn.MAXIFS(Data!$L$2:$L$500,Data!$B$2:$B$500,6),Data!$L$2:$L$500,0)),"d-mmm"),"") | H7: =IFERROR(_xlfn.MINIFS(Data!$L$2:$L$500,Data!$B$2:$B$500,6),"") -> 0 | I7: =IFERROR(TEXT(INDEX(Data!$A$2:$A$500,MATCH(_xlfn.MINIFS(Data!$L$2:$L$500,Data!$B$2:$B$500,6),Data!$L$2:$L$500,0)),"d-mmm"),"") | J7: =COUNTIFS(Data!$L$2:$L$500,">=5.5",Data!$B$2:$B$500,6) -> 0 | K7: =COUNTIFS(Data!$B$2:$B$500,6) -> 0 | L7: =IFERROR(AVERAGEIFS(Data!$C$2:$C$500,Data!$B$2:$B$500,6),"–") -> – | M7: =IFERROR(AVERAGEIFS(Data!$F$2:$F$500,Data!$B$2:$B$500,6),"–") -> – | N7: =IFERROR(AVERAGEIFS(Data!$G$2:$G$500,Data!$B$2:$B$500,6),"–") -> – | O7: =IFERROR(AVERAGEIFS(Data!$H$2:$H$500,Data!$B$2:$B$500,6),"–") -> – | P7: =IFERROR(AVERAGEIFS(Data!$I$2:$I$500,Data!$B$2:$B$500,6),"–") -> – | Q7: =IFERROR(AVERAGEIFS(Data!$K$2:$K$500,Data!$B$2:$B$500,6),"–") -> – | R7: =IFERROR(_xlfn.MAXIFS(Data!$K$2:$K$500,Data!$B$2:$B$500,6),"") -> 0 | S7: =IFERROR(TEXT(INDEX(Data!$A$2:$A$500,MATCH(_xlfn.MAXIFS(Data!$K$2:$K$500,Data!$B$2:$B$500,6),Data!$K$2:$K$500,0)),"d-mmm"),"") | T7: =IFERROR(_xlfn.MINIFS(Data!$K$2:$K$500,Data!$B$2:$B$500,6),"") -> 0 | U7: =IFERROR(TEXT(INDEX(Data!$A$2:$A$500,MATCH(_xlfn.MINIFS(Data!$K$2:$K$500,Data!$B$2:$B$500,6),Data!$K$2:$K$500,0)),"d-mmm"),"") | V7: =COUNTIFS(Data!$K$2:$K$500,">=7000",Data!$B$2:$B$500,6) -> 0 | W7: =COUNTIFS(Data!$B$2:$B$500,6) -> 0 | X7: =COUNTIFS(Data!$O$2:$O$500,"Y",Data!$B$2:$B$500,6) -> 0

Sheet Dashboard
B1: DUOFIT | WEEKLY PROGRESS ANALYSIS | H1: =IFERROR(TEXT(_xlfn.MINIFS(Data!$A$2:$A$500,Data!$B$2:$B$500,1),"D MMM")&" – "&TEXT(MAX(Data!$A$2:$A$500),"D MMM YYYY")&" ("&MAX(Data!$B$2:$B$500)&" WEEKS)","Calculating...") -> 10 Jun – 28 Jun 2026 (3 WEEKS)
B3: FOCUS AREA 1: SLEEP | H3: FOCUS AREA 2: NUTRITION | N3: FOCUS AREA 3: FITNESS
C4: =IF(COUNTIFS(Data!$B$2:$B$500,1)>0,"WEEK 1","") -> WEEK 1 | D4: =IF(COUNTIFS(Data!$B$2:$B$500,2)>0,"WEEK 2","") -> WEEK 2 | E4: =IF(COUNTIFS(Data!$B$2:$B$500,3)>0,"WEEK 3","") -> WEEK 3 | I4: =IF(COUNTIFS(Data!$B$2:$B$500,1)>0,"WEEK 1","") -> WEEK 1 | J4: =IF(COUNTIFS(Data!$B$2:$B$500,2)>0,"WEEK 2","") -> WEEK 2 | K4: =IF(COUNTIFS(Data!$B$2:$B$500,3)>0,"WEEK 3","") -> WEEK 3 | O4: =IF(COUNTIFS(Data!$B$2:$B$500,1)>0,"WEEK 1","") -> WEEK 1 | P4: =IF(COUNTIFS(Data!$B$2:$B$500,2)>0,"WEEK 2","") -> WEEK 2 | Q4: =IF(COUNTIFS(Data!$B$2:$B$500,3)>0,"WEEK 3","") -> WEEK 3
C5: =IF(Calc!D2>0,"("&Calc!B2&" – "&Calc!C2&")","") -> (10 Jun – 16 Jun) | D5: =IF(Calc!D3>0,"("&Calc!B3&" – "&Calc!C3&")","") -> (17 Jun – 23 Jun) | E5: =IF(Calc!D4>0,"("&Calc!B4&" – "&Calc!C4&")","") -> (24 Jun – 28 Jun) | I5: =IF(Calc!D2>0,"("&Calc!B2&" – "&Calc!C2&")","") -> (10 Jun – 16 Jun) | J5: =IF(Calc!D3>0,"("&Calc!B3&" – "&Calc!C3&")","") -> (17 Jun – 23 Jun) | K5: =IF(Calc!D4>0,"("&Calc!B4&" – "&Calc!C4&")","") -> (24 Jun – 28 Jun) | O5: =IF(Calc!D2>0,"("&Calc!B2&" – "&Calc!C2&")","") -> (10 Jun – 16 Jun) | P5: =IF(Calc!D3>0,"("&Calc!B3&" – "&Calc!C3&")","") -> (17 Jun – 23 Jun) | Q5: =IF(Calc!D4>0,"("&Calc!B4&" – "&Calc!C4&")","") -> (24 Jun – 28 Jun)
C6: Average Sleep | D6: Average Sleep | E6: Average Sleep | I6: Average Calories | J6: Average Calories | K6: Average Calories | O6: Average Steps | P6: Average Steps | Q6: Average Steps
C7: =IFERROR(AVERAGEIFS(Data!$L$2:$L$500,Data!$B$2:$B$500,1),"–") -> 5.9285714 | D7: =IFERROR(AVERAGEIFS(Data!$L$2:$L$500,Data!$B$2:$B$500,2),"–") -> 5.4285714 | E7: =IFERROR(AVERAGEIFS(Data!$L$2:$L$500,Data!$B$2:$B$500,3),"–") -> 5.6 | I7: =IFERROR(AVERAGEIFS(Data!$C$2:$C$500,Data!$B$2:$B$500,1),"–") -> 1364.2857 | J7: =IFERROR(AVERAGEIFS(Data!$C$2:$C$500,Data!$B$2:$B$500,2),"–") -> 1250 | K7: =IFERROR(AVERAGEIFS(Data!$C$2:$C$500,Data!$B$2:$B$500,3),"–") -> 1430 | O7: =IFERROR(AVERAGEIFS(Data!$K$2:$K$500,Data!$B$2:$B$500,1),"–") -> 3775.5714 | P7: =IFERROR(AVERAGEIFS(Data!$K$2:$K$500,Data!$B$2:$B$500,2),"–") -> 4347 | Q7: =IFERROR(AVERAGEIFS(Data!$K$2:$K$500,Data!$B$2:$B$500,3),"–") -> 6308.8
C8: hrs | D8: hrs | E8: hrs | I8: kcal | J8: kcal | K8: kcal | O8: steps | P8: steps | Q8: steps
B9: Daily Sleep Duration (Hours) | H9: Daily Calorie Intake (Kcal) | N9: Daily Steps
B25: SLEEP SUMMARY | H25: NUTRITION SUMMARY (DAILY AVERAGE) | N25: FITNESS SUMMARY
B26: METRIC | C26: WEEK 1 | D26: WEEK 2 | E26: WEEK 3 | F26: TARGET | H26: METRIC | I26: WEEK 1 | J26: WEEK 2 | K26: WEEK 3 | L26: TARGET | N26: METRIC | O26: WEEK 1 | P26: WEEK 2 | Q26: WEEK 3 | R26: TARGET
B27: Average Sleep | C27: =IFERROR(AVERAGEIFS(Data!$L$2:$L$500,Data!$B$2:$B$500,1),"–") -> 5.9285714 | D27: =IFERROR(AVERAGEIFS(Data!$L$2:$L$500,Data!$B$2:$B$500,2),"–") -> 5.4285714 | E27: =IFERROR(AVERAGEIFS(Data!$L$2:$L$500,Data!$B$2:$B$500,3),"–") -> 5.6 | F27: ≥ 5.5 hrs | H27: Protein (g) | I27: =IFERROR(TEXT(Calc!M2,"0")&" g","–") -> 41 g | J27: =IFERROR(TEXT(Calc!M3,"0")&" g","–") -> 34 g | K27: =IFERROR(TEXT(Calc!M4,"0")&" g","–") -> 55 g | L27: 75 – 85 g | N27: Average Steps | O27: =IFERROR(TEXT(Calc!Q2,"#,##0")&" steps","–") -> 3,776 steps | P27: =IFERROR(TEXT(Calc!Q3,"#,##0")&" steps","–") -> 4,347 steps | Q27: =IFERROR(TEXT(Calc!Q4,"#,##0")&" steps","–") -> 6,309 steps | R27: ≥ 7,000 steps
B28: Best Day | C28: =IFERROR(TEXT(Calc!F2,"0.0")&" hrs ("&Calc!G2&")","–") -> 8.0 hrs (13-Jun) | D28: =IFERROR(TEXT(Calc!F3,"0.0")&" hrs ("&Calc!G3&")","–") -> 6.0 hrs (10-Jun) | E28: =IFERROR(TEXT(Calc!F4,"0.0")&" hrs ("&Calc!G4&")","–") -> 7.0 hrs (12-Jun) | F28: – | H28: Carbs (g) | I28: =IFERROR(TEXT(Calc!N2,"0")&" g","–") -> 197 g | J28: =IFERROR(TEXT(Calc!N3,"0")&" g","–") -> 184 g | K28: =IFERROR(TEXT(Calc!N4,"0")&" g","–") -> 174 g | L28: 200 – 250 g | N28: Best Day | O28: =IFERROR(TEXT(Calc!R2,"#,##0")&" steps ("&Calc!S2&")","–") -> 4,500 steps (15-Jun) | P28: =IFERROR(TEXT(Calc!R3,"#,##0")&" steps ("&Calc!S3&")","–") -> 6,957 steps (23-Jun) | Q28: =IFERROR(TEXT(Calc!R4,"#,##0")&" steps ("&Calc!S4&")","–") -> 10,123 steps (25-Jun) | R28: –
B29: Lowest Day | C29: =IFERROR(TEXT(Calc!H2,"0.0")&" hrs ("&Calc!I2&")","–") -> 5.0 hrs (11-Jun) | D29: =IFERROR(TEXT(Calc!H3,"0.0")&" hrs ("&Calc!I3&")","–") -> 5.0 hrs (11-Jun) | E29: =IFERROR(TEXT(Calc!H4,"0.0")&" hrs ("&Calc!I4&")","–") -> 5.0 hrs (11-Jun) | F29: – | H29: Fats (g) | I29: =IFERROR(TEXT(Calc!O2,"0")&" g","–") -> 34 g | J29: =IFERROR(TEXT(Calc!O3,"0")&" g","–") -> 26 g | K29: =IFERROR(TEXT(Calc!O4,"0")&" g","–") -> 39 g | L29: 45 – 60 g | N29: Lowest Day | O29: =IFERROR(TEXT(Calc!T2,"#,##0")&" steps ("&Calc!U2&")","–") -> 3,000 steps (13-Jun) | P29: =IFERROR(TEXT(Calc!T3,"#,##0")&" steps ("&Calc!U3&")","–") -> 3,037 steps (19-Jun) | Q29: =IFERROR(TEXT(Calc!T4,"#,##0")&" steps ("&Calc!U4&")","–") -> 3,256 steps (26-Jun) | R29: –
B30: Days Meeting Target (≥5.5 hrs) | C30: =COUNTIFS(Data!$L$2:$L$500,">=5.5",Data!$B$2:$B$500,1)&" of "&COUNTIFS(Data!$B$2:$B$500,1)&" ("&TEXT(IF(COUNTIFS(Data!$B$2:$B$500,1)>0,COUNTIFS(Data!$L$2:$L$500,">=5.5",Data!$B$2:$B$500,1)/COUNTIFS(Data!$B$2:$B$500,1),0),"0%")&")" -> 4 of 7 (57%) | D30: =COUNTIFS(Data!$L$2:$L$500,">=5.5",Data!$B$2:$B$500,2)&" of "&COUNTIFS(Data!$B$2:$B$500,2)&" ("&TEXT(IF(COUNTIFS(Data!$B$2:$B$500,2)>0,COUNTIFS(Data!$L$2:$L$500,">=5.5",Data!$B$2:$B$500,2)/COUNTIFS(Data!$B$2:$B$500,2),0),"0%")&")" -> 3 of 7 (43%) | E30: =COUNTIFS(Data!$L$2:$L$500,">=5.5",Data!$B$2:$B$500,3)&" of "&COUNTIFS(Data!$B$2:$B$500,3)&" ("&TEXT(IF(COUNTIFS(Data!$B$2:$B$500,3)>0,COUNTIFS(Data!$L$2:$L$500,">=5.5",Data!$B$2:$B$500,3)/COUNTIFS(Data!$B$2:$B$500,3),0),"0%")&")" -> 2 of 5 (40%) | F30: ≥ 70% | H30: Fiber (g) | I30: =IFERROR(TEXT(Calc!P2,"0")&" g","–") -> 20 g | J30: =IFERROR(TEXT(Calc!P3,"0")&" g","–") -> 19 g | K30: =IFERROR(TEXT(Calc!P4,"0")&" g","–") -> 23 g | L30: 25 – 30 g | N30: Days Meeting Target (≥7,000) | O30: =COUNTIFS(Data!$K$2:$K$500,">=7000",Data!$B$2:$B$500,1)&" of "&COUNTIFS(Data!$B$2:$B$500,1)&" ("&TEXT(IF(COUNTIFS(Data!$B$2:$B$500,1)>0,COUNTIFS(Data!$K$2:$K$500,">=7000",Data!$B$2:$B$500,1)/COUNTIFS(Data!$B$2:$B$500,1),0),"0%")&")" -> 0 of 7 (0%) | P30: =COUNTIFS(Data!$K$2:$K$500,">=7000",Data!$B$2:$B$500,2)&" of "&COUNTIFS(Data!$B$2:$B$500,2)&" ("&TEXT(IF(COUNTIFS(Data!$B$2:$B$500,2)>0,COUNTIFS(Data!$K$2:$K$500,">=7000",Data!$B$2:$B$500,2)/COUNTIFS(Data!$B$2:$B$500,2),0),"0%")&")" -> 0 of 7 (0%) | Q30: =COUNTIFS(Data!$K$2:$K$500,">=7000",Data!$B$2:$B$500,3)&" of "&COUNTIFS(Data!$B$2:$B$500,3)&" ("&TEXT(IF(COUNTIFS(Data!$B$2:$B$500,3)>0,COUNTIFS(Data!$K$2:$K$500,">=7000",Data!$B$2:$B$500,3)/COUNTIFS(Data!$B$2:$B$500,3),0),"0%")&")" -> 1 of 5 (20%) | R30: ≥ 70%
H31: Fruits Intake (servings/day) | I31: – | J31: – | K31: – | L31: 2 servings/day | N31: Workout Logged | O31: =Calc!X2&" of "&Calc!W2&" days" -> 0 of 7 days | P31: =Calc!X3&" of "&Calc!W3&" days" -> 0 of 7 days | Q31: =Calc!X4&" of "&Calc!W4&" days" -> 0 of 5 days | R31: ≥ 2 days/week
H32: Veg Intake (servings/day) | I32: – | J32: – | K32: – | L32: 2 servings/day
H33: Water Intake (L/day) | I33: – | J33: – | K33: – | L33: ≥ 2.2 L
H36: KEY NUTRITION AVERAGES (ALL WEEKS)
H37: =IFERROR(TEXT(AVERAGEIFS(Data!$F$2:$F$500,Data!$B$2:$B$500,">"&0),"0")&" g","–") -> 42 g | I37: =IFERROR(TEXT(AVERAGEIFS(Data!$I$2:$I$500,Data!$B$2:$B$500,">"&0),"0")&" g","–") -> 21 g | J37: 0.3 | K37: 1.6 | L37: =IFERROR(TEXT(AVERAGEIFS(Data!$C$2:$C$500,Data!$B$2:$B$500,">"&0),"#,##0"),"–") -> 1,339
H38: AVG PROTEIN | I38: AVG FIBER | J38: FRUITS | K38: VEG | L38: WATER
B40: 🌙 SLEEP FOCUS: | H40: 🥗 NUTRITION FOCUS: | N40: 🏃 FITNESS FOCUS:
B41: Sleep is below target. Aim for 5.5–7 hrs every night. | H41: Protein and fiber intake below target. Increase protein, fruits and vegetables. | N41: Steps improved but still below target. Aim for 7,000+ steps every day.

Sheet Client Info
A1: DUOFIT — CLIENT PROFILE
A3: Name | B3: Manogna
A4: Goal | B4: Improve Energy Levels & Create Sustainable Food Habits
A5: Gender | B5: Female
A6: Age | B6: 33
A7: Height (cm) | B7: 164
A8: Weight (kg) | B8: 63
A9: BMI | B9: 23.4
A10: BMR | B10: 1,382 cal/day
A11: TDEE | B11: 1,700 cal/day
A13: Macro Targets
A14: Protein | B14: 75.6 g/day
A15: Fats | B15: 44.1 g/day
A16: Carbs | B16: 250 g/day
A17: Fiber | B17: 23.8 g/day
